INSERT INTO ewha.restaurants (name, city, manager, opening_date) VALUES
    ('Ewha Bistro', 'Seoul', 'James Kim', '2022-03-15'),
    ('Han River Grill', 'Seoul', 'Sarah Choi', '2021-07-20'),
    ('Busan Bay Kitchen', 'Busan', 'Michael Yoon', '2020-11-05'),
    ('Incheon Harbor', 'Incheon', 'Linda Park', '2023-01-10'),
    ('Daegu Garden', 'Daegu', 'Kevin Shin', '2019-06-18'),
    ('Gwangju Table', 'Gwangju', 'Amy Jung', '2022-08-22'),
    ('Suwon Castle Cafe', 'Suwon', 'Daniel Oh', '2021-02-14'),
    ('Jeju Ocean Diner', 'Jeju', 'Rachel Moon', '2023-05-30'),
    ('Ulsan Steel Grill', 'Ulsan', 'Tom Bae', '2020-09-09'),
    ('Daejeon Central', 'Daejeon', 'Jenny Lim', '2018-12-01'),
    ('Myeongdong Bistro', 'Seoul', 'Yuna Han', '2023-03-01'),
    ('Hongdae Kitchen', 'Seoul', 'Jake Seo', '2022-11-15'),
    ('Busan Seafood House', 'Busan', 'Nami Kwon', '2021-04-22'),
    ('Incheon Noodle Bar', 'Incheon', 'Chris Jang', '2020-08-30'),
    ('Daegu Spice Garden', 'Daegu', 'Hana Ryu', '2023-06-05'),
    ('Gwangju Night Grill', 'Gwangju', 'Steve Yoo', '2022-02-10'),
    ('Suwon Royal Table', 'Suwon', 'Mina Cho', '2021-09-18'),
    ('Jeju Sunrise Cafe', 'Jeju', 'Paul Nam', '2023-07-14'),
    ('Ulsan Harbor Diner', 'Ulsan', 'Sally Kang', '2020-05-27'),
    ('Daejeon Fusion Bowl', 'Daejeon', 'Eric Hong', '2019-10-03'),
    ('Itaewon Global Grill', 'Seoul', 'Diana Woo', '2022-05-20'),
    ('Gangnam Sky Lounge', 'Seoul', 'Brian Lim', '2023-09-01'),
    ('Jeonju Heritage', 'Jeonju', 'Soo-Jin Baek', '2020-03-14'),
    ('Changwon Bay Table', 'Changwon', 'Ha-Eun Noh', '2021-12-08'),
    ('Pohang Iron Kitchen', 'Pohang', 'Gil-Su Ahn', '2019-07-22'),
    ('Gyeongju Royal Bowl', 'Gyeongju', 'Min-Ji Son', '2022-06-30'),
    ('Andong Tradition', 'Andong', 'Tae-Ho Im', '2021-03-11'),
    ('Sokcho Ocean View', 'Sokcho', 'Yeon-Ji Pyo', '2023-04-18'),
    ('Chuncheon Lake Cafe', 'Chuncheon', 'Ji-Woo Kwak', '2020-10-05'),
    ('Suncheon Garden Spot', 'Suncheon', 'Na-Rae Gil', '2022-01-27');

INSERT INTO ewha.customer (first_name, last_name, email, phone, city, age, gender) VALUES
    ('Emily', 'Park', 'emily.park@gmail.com', '+82 10-4582-9171', 'Seoul', 28, 'Female'),
    ('Daniel', 'Kim', 'daniel.kim@naver.com', '+82 10-4528-3149', 'Busan', 35, 'Male'),
    ('Sophia', 'Lee', 'sophia.lee@outlook.com', '+82 10-1693-9085', 'Incheon', 22, 'Female'),
    ('James', 'Choi', 'james.choi@kakao.com', '+82 10-8451-6466', 'Daegu', 42, 'Male'),
    ('Olivia', 'Jung', 'olivia.jung@gmail.com', '+82 10-3330-3227', 'Seoul', 19, 'Female'),
    ('Ethan', 'Yoon', 'ethan.yoon@naver.com', '+82 10-9777-5065', 'Gwangju', 31, 'Male'),
    ('Isabella', 'Shin', 'isabella.shin@gmail.com', '+82 10-7318-1382', 'Suwon', 27, 'Female'),
    ('Noah', 'Oh', 'noah.oh@daum.net', '+82 10-3894-3369', 'Jeju', 55, 'Male'),
    ('Mia', 'Moon', 'mia.moon@gmail.com', '+82 10-1970-1215', 'Ulsan', 46, 'Female'),
    ('Liam', 'Bae', 'liam.bae@naver.com', '+82 10-1239-8503', 'Daejeon', 33, 'Male'),
    ('Jisoo', 'Han', 'jisoo.han@gmail.com', '+82 10-2345-6789', 'Seoul', 24, 'Female'),
    ('Minho', 'Seo', 'minho.seo@naver.com', '+82 10-3456-7890', 'Busan', 30, 'Male'),
    ('Yuna', 'Kwon', 'yuna.kwon@kakao.com', '+82 10-4567-8901', 'Incheon', 26, 'Female'),
    ('Taeyang', 'Jang', 'taeyang.jang@daum.net', '+82 10-5678-9012', 'Daegu', 38, 'Male'),
    ('Soyeon', 'Ryu', 'soyeon.ryu@gmail.com', '+82 10-6789-0123', 'Seoul', 21, 'Female'),
    ('Hyunwoo', 'Yoo', 'hyunwoo.yoo@naver.com', '+82 10-7890-1234', 'Gwangju', 45, 'Male'),
    ('Areum', 'Cho', 'areum.cho@outlook.com', '+82 10-8901-2345', 'Suwon', 29, 'Female'),
    ('Junho', 'Nam', 'junho.nam@gmail.com', '+82 10-9012-3456', 'Jeju', 52, 'Male'),
    ('Dahye', 'Kang', 'dahye.kang@naver.com', '+82 10-1122-3344', 'Ulsan', 34, 'Female'),
    ('Seokjin', 'Hong', 'seokjin.hong@kakao.com', '+82 10-2233-4455', 'Daejeon', 41, 'Male'),
    ('Chaewon', 'Lim', 'chaewon.lim@gmail.com', '+82 10-3344-5566', 'Seoul', 23, 'Female'),
    ('Jiho', 'Baek', 'jiho.baek@naver.com', '+82 10-4455-6677', 'Busan', 37, 'Male'),
    ('Somin', 'Noh', 'somin.noh@kakao.com', '+82 10-5566-7788', 'Jeonju', 25, 'Female'),
    ('Donghyun', 'Ahn', 'donghyun.ahn@daum.net', '+82 10-6677-8899', 'Changwon', 44, 'Male'),
    ('Haerin', 'Son', 'haerin.son@gmail.com', '+82 10-7788-9900', 'Pohang', 20, 'Female'),
    ('Yunho', 'Im', 'yunho.im@naver.com', '+82 10-8899-0011', 'Gyeongju', 50, 'Male'),
    ('Bora', 'Pyo', 'bora.pyo@outlook.com', '+82 10-9900-1122', 'Andong', 32, 'Female'),
    ('Sangmin', 'Kwak', 'sangmin.kwak@gmail.com', '+82 10-1010-2020', 'Sokcho', 48, 'Male'),
    ('Jiwon', 'Gil', 'jiwon.gil@naver.com', '+82 10-2020-3030', 'Chuncheon', 27, 'Female'),
    ('Kyungjun', 'Woo', 'kyungjun.woo@kakao.com', '+82 10-3030-4040', 'Suncheon', 36, 'Male');

INSERT INTO ewha.customer_demographic_history (customer_id, city, age_range, gender, start_date, end_date) VALUES
    (1, 'Seoul', '20-29', 'Female', '2022-01-01', NULL),
    (2, 'Busan', '30-39', 'Male', '2022-01-01', NULL),
    (3, 'Incheon', '20-29', 'Female', '2022-01-01', NULL),
    (4, 'Daegu', '40-49', 'Male', '2022-01-01', NULL),
    (5, 'Seoul', '10-19', 'Female', '2022-01-01', NULL),
    (6, 'Gwangju', '30-39', 'Male', '2022-01-01', NULL),
    (7, 'Suwon', '20-29', 'Female', '2022-01-01', NULL),
    (8, 'Jeju', '50-59', 'Male', '2022-01-01', NULL),
    (9, 'Ulsan', '40-49', 'Female', '2022-01-01', NULL),
    (10, 'Daejeon', '30-39', 'Male', '2022-01-01', NULL),
    (11, 'Seoul', '20-29', 'Female', '2023-01-01', NULL),
    (12, 'Busan', '30-39', 'Male', '2023-01-01', NULL),
    (13, 'Incheon', '20-29', 'Female', '2023-01-01', NULL),
    (14, 'Daegu', '30-39', 'Male', '2023-01-01', NULL),
    (15, 'Seoul', '20-29', 'Female', '2023-01-01', NULL),
    (16, 'Gwangju', '40-49', 'Male', '2023-01-01', NULL),
    (17, 'Suwon', '20-29', 'Female', '2023-01-01', NULL),
    (18, 'Jeju', '50-59', 'Male', '2023-01-01', NULL),
    (19, 'Ulsan', '30-39', 'Female', '2023-01-01', NULL),
    (20, 'Daejeon', '40-49', 'Male', '2023-01-01', NULL),
    (21, 'Seoul', '20-29', 'Female', '2023-06-01', NULL),
    (22, 'Busan', '30-39', 'Male', '2023-06-01', NULL),
    (23, 'Jeonju', '20-29', 'Female', '2023-06-01', NULL),
    (24, 'Changwon', '40-49', 'Male', '2023-06-01', NULL),
    (25, 'Pohang', '20-29', 'Female', '2023-06-01', NULL),
    (26, 'Gyeongju', '50-59', 'Male', '2023-06-01', NULL),
    (27, 'Andong', '30-39', 'Female', '2023-06-01', NULL),
    (28, 'Sokcho', '40-49', 'Male', '2023-06-01', NULL),
    (29, 'Chuncheon', '20-29', 'Female', '2023-06-01', NULL),
    (30, 'Suncheon', '30-39', 'Male', '2023-06-01', NULL),
    (3, 'Seoul', '20-29', 'Female', '2020-01-01', '2021-12-31'),
    (7, 'Daejeon', '20-29', 'Female', '2019-01-01', '2020-12-31'),
    (12, 'Seoul', '20-29', 'Male', '2021-01-01', '2022-12-31'),
    (20, 'Busan', '30-39', 'Male', '2020-06-01', '2022-12-31');

INSERT INTO ewha.menu_category (category_name) VALUES
    ('Korean Food'),
    ('Japanese Food'),
    ('Chinese Food'),
    ('Western Food'),
    ('Desserts'),
    ('Beverages'),
    ('Seafood'),
    ('Vegetarian'),
    ('Fast Food'),
    ('Soups & Stews'),
    ('Noodles'),
    ('Rice Bowls'),
    ('Grilled Meats'),
    ('Salads'),
    ('Street Food');

INSERT INTO ewha.menu_item (category_id, item_name, price, calories, is_available) VALUES
    (1, 'Bibimbap', 9000.0, 650, TRUE),
    (2, 'Sushi Set', 12000.0, 520, TRUE),
    (3, 'Kung Pao Chicken', 8500.0, 700, TRUE),
    (4, 'Beef Steak', 22000.0, 850, TRUE),
    (5, 'Tiramisu', 6000.0, 380, TRUE),
    (6, 'Americano', 4000.0, 10, TRUE),
    (7, 'Grilled Salmon', 18000.0, 480, TRUE),
    (8, 'Veggie Wrap', 7500.0, 420, TRUE),
    (9, 'Cheese Burger', 10000.0, 750, TRUE),
    (10, 'Kimchi Jjigae', 8000.0, 580, TRUE),
    (1, 'Bulgogi', 13000.0, 620, TRUE),
    (2, 'Ramen', 9500.0, 680, TRUE),
    (3, 'Dim Sum', 11000.0, 540, TRUE),
    (4, 'Ribeye Steak', 32000.0, 920, TRUE),
    (5, 'Cheesecake', 7000.0, 440, TRUE),
    (6, 'Green Tea Latte', 5500.0, 180, TRUE),
    (7, 'Lobster Tail', 45000.0, 320, TRUE),
    (8, 'Tofu Stir Fry', 8500.0, 390, TRUE),
    (9, 'Hot Dog', 5000.0, 490, TRUE),
    (10, 'Doenjang Jjigae', 8000.0, 560, TRUE),
    (11, 'Pad Thai', 10000.0, 650, TRUE),
    (12, 'Bibim Guksu', 8500.0, 520, TRUE),
    (13, 'Galbi', 28000.0, 780, TRUE),
    (14, 'Greek Salad', 9000.0, 280, TRUE),
    (15, 'Tteokbokki', 6500.0, 430, TRUE),
    (1, 'Japchae', 9500.0, 510, TRUE),
    (2, 'Tonkatsu', 11500.0, 740, TRUE),
    (3, 'Mapo Tofu', 9000.0, 480, TRUE),
    (4, 'Pasta Carbonara', 15000.0, 780, TRUE),
    (5, 'Bingsu', 8000.0, 350, TRUE),
    (6, 'Cold Brew', 5000.0, 15, TRUE),
    (7, 'Spicy Shrimp', 16000.0, 410, TRUE),
    (11, 'Kalguksu', 9000.0, 590, TRUE),
    (12, 'Dosirak Bowl', 8000.0, 670, TRUE),
    (15, 'Hotteok', 3500.0, 310, TRUE);

INSERT INTO ewha.menu_price_history (menu_item_id, old_price, new_price, change_date) VALUES
    (1, 8100.0, 9000.0, '2024-01-01'),
    (2, 10800.0, 12000.0, '2024-01-01'),
    (3, 7650.0, 8500.0, '2024-01-01'),
    (4, 19800.0, 22000.0, '2024-01-01'),
    (5, 5400.0, 6000.0, '2024-01-01'),
    (6, 3600.0, 4000.0, '2024-01-01'),
    (7, 16200.0, 18000.0, '2024-01-01'),
    (8, 6750.0, 7500.0, '2024-01-01'),
    (9, 9000.0, 10000.0, '2024-01-01'),
    (10, 7200.0, 8000.0, '2024-01-01'),
    (11, 11700.0, 13000.0, '2024-06-01'),
    (12, 8500.0, 9500.0, '2024-06-01'),
    (13, 9800.0, 11000.0, '2024-06-01'),
    (14, 28000.0, 32000.0, '2024-06-01'),
    (15, 6200.0, 7000.0, '2024-06-01'),
    (16, 4800.0, 5500.0, '2024-06-01'),
    (17, 40000.0, 45000.0, '2024-06-01'),
    (18, 7500.0, 8500.0, '2024-06-01'),
    (19, 4500.0, 5000.0, '2024-06-01'),
    (20, 7200.0, 8000.0, '2024-06-01'),
    (21, 9000.0, 10000.0, '2024-06-01'),
    (22, 7700.0, 8500.0, '2024-06-01'),
    (23, 25000.0, 28000.0, '2024-06-01'),
    (24, 8000.0, 9000.0, '2024-06-01'),
    (25, 6000.0, 6500.0, '2024-06-01'),
    (26, 8500.0, 9500.0, '2025-01-01'),
    (27, 10500.0, 11500.0, '2025-01-01'),
    (28, 8000.0, 9000.0, '2025-01-01'),
    (29, 13500.0, 15000.0, '2025-01-01'),
    (30, 7200.0, 8000.0, '2025-01-01'),
    (31, 4500.0, 5000.0, '2025-01-01'),
    (32, 14500.0, 16000.0, '2025-01-01'),
    (33, 8000.0, 9000.0, '2025-01-01'),
    (34, 7200.0, 8000.0, '2025-01-01'),
    (35, 3000.0, 3500.0, '2025-01-01'),
    (5, 6000.0, 5500.0, '2024-08-01'),
    (9, 10000.0, 9000.0, '2024-11-01'),
    (15, 7000.0, 6500.0, '2024-10-01');

INSERT INTO ewha.orders (customer_id, restaurant_id, order_timestamp) VALUES
    (1, 2, '2024-01-13 20:17:00'),
    (2, 4, '2024-04-24 11:47:00'),
    (3, 2, '2024-12-12 20:57:00'),
    (4, 9, '2024-02-14 18:27:00'),
    (5, 1, '2024-01-16 10:13:00'),
    (6, 4, '2024-09-15 18:01:00'),
    (7, 9, '2024-04-11 20:41:00'),
    (8, 9, '2024-08-02 12:28:00'),
    (9, 10, '2024-05-22 21:55:00'),
    (10, 1, '2024-03-22 20:27:00'),
    (11, 3, '2024-02-05 12:30:00'),
    (12, 7, '2024-03-18 19:45:00'),
    (13, 11, '2024-04-02 13:10:00'),
    (14, 5, '2024-05-10 20:00:00'),
    (15, 1, '2024-06-21 11:25:00'),
    (16, 8, '2024-07-07 18:50:00'),
    (17, 12, '2024-08-14 21:05:00'),
    (18, 6, '2024-09-03 12:40:00'),
    (19, 15, '2024-10-19 19:15:00'),
    (20, 2, '2024-11-25 20:30:00'),
    (1, 13, '2024-01-28 13:00:00'),
    (3, 16, '2024-03-05 18:20:00'),
    (5, 4, '2024-04-17 12:55:00'),
    (7, 17, '2024-06-09 20:10:00'),
    (9, 18, '2024-07-23 19:35:00'),
    (2, 19, '2024-08-30 13:45:00'),
    (4, 20, '2024-09-12 21:00:00'),
    (6, 14, '2024-10-04 12:15:00'),
    (8, 10, '2024-11-16 18:55:00'),
    (10, 9, '2024-12-01 20:45:00'),
    (21, 21, '2024-01-08 19:00:00'),
    (22, 22, '2024-02-20 12:00:00'),
    (23, 23, '2024-03-14 20:30:00'),
    (24, 24, '2024-04-05 13:15:00'),
    (25, 25, '2024-05-19 19:45:00'),
    (26, 26, '2024-06-27 21:10:00'),
    (27, 27, '2024-07-11 12:30:00'),
    (28, 28, '2024-08-22 18:00:00'),
    (29, 29, '2024-09-30 20:20:00'),
    (30, 30, '2024-10-15 13:50:00'),
    (11, 21, '2024-11-03 19:25:00'),
    (13, 23, '2024-11-18 12:40:00'),
    (15, 11, '2024-12-05 20:00:00'),
    (17, 22, '2024-12-10 13:10:00'),
    (19, 28, '2024-01-22 19:55:00'),
    (21, 15, '2024-02-14 12:25:00'),
    (23, 7, '2024-03-28 20:45:00'),
    (25, 5, '2024-04-30 13:30:00'),
    (27, 19, '2024-05-08 19:10:00'),
    (29, 3, '2024-06-15 21:00:00');

INSERT INTO ewha.order_item (order_id, menu_item_id, quantity, item_price_at_order) VALUES
    (1, 6, 2, 4000.0),
    (2, 3, 1, 8500.0),
    (3, 6, 1, 4000.0),
    (4, 2, 2, 12000.0),
    (5, 2, 2, 12000.0),
    (6, 6, 3, 4000.0),
    (7, 5, 1, 6000.0),
    (8, 8, 3, 7500.0),
    (9, 2, 2, 12000.0),
    (10, 2, 3, 12000.0),
    (11, 11, 1, 13000.0),
    (11, 6, 1, 4000.0),
    (12, 12, 2, 9500.0),
    (13, 13, 1, 11000.0),
    (13, 24, 1, 9000.0),
    (14, 14, 1, 32000.0),
    (15, 1, 1, 9000.0),
    (15, 15, 2, 7000.0),
    (16, 16, 3, 5500.0),
    (17, 17, 1, 45000.0),
    (17, 6, 2, 4000.0),
    (18, 18, 2, 8500.0),
    (19, 19, 3, 5000.0),
    (20, 25, 1, 6500.0),
    (20, 10, 1, 8000.0),
    (21, 21, 2, 10000.0),
    (22, 3, 1, 8500.0),
    (22, 2, 1, 12000.0),
    (23, 9, 2, 10000.0),
    (24, 7, 1, 18000.0),
    (25, 4, 1, 22000.0),
    (25, 5, 1, 6000.0),
    (26, 23, 1, 28000.0),
    (27, 25, 2, 6500.0),
    (28, 8, 3, 7500.0),
    (29, 22, 2, 8500.0),
    (30, 11, 1, 13000.0),
    (30, 16, 1, 5500.0),
    (31, 26, 1, 9500.0),
    (31, 31, 2, 5000.0),
    (32, 27, 1, 11500.0),
    (32, 6, 2, 4000.0),
    (33, 28, 2, 9000.0),
    (34, 29, 1, 15000.0),
    (34, 14, 1, 9000.0),
    (35, 30, 2, 8000.0),
    (35, 24, 1, 9000.0),
    (36, 32, 1, 16000.0),
    (37, 33, 2, 9000.0),
    (37, 35, 1, 3500.0),
    (38, 34, 1, 8000.0),
    (38, 31, 2, 5000.0),
    (39, 1, 2, 9000.0),
    (39, 10, 1, 8000.0),
    (40, 11, 1, 13000.0),
    (41, 26, 2, 9500.0),
    (42, 13, 1, 11000.0),
    (43, 22, 2, 8500.0),
    (44, 27, 1, 11500.0),
    (45, 7, 1, 18000.0),
    (45, 16, 1, 5500.0),
    (46, 4, 1, 22000.0),
    (46, 5, 1, 6000.0),
    (47, 2, 2, 12000.0),
    (48, 14, 1, 32000.0),
    (49, 23, 1, 28000.0),
    (50, 9, 2, 10000.0),
    (50, 35, 2, 3500.0);

INSERT INTO ewha.bill (order_id, subtotal, tax_amount, final_total) VALUES
    (1, 8000.0, 800.0, 8800.0),
    (2, 8500.0, 850.0, 9350.0),
    (3, 4000.0, 400.0, 4400.0),
    (4, 24000.0, 2400.0, 26400.0),
    (5, 24000.0, 2400.0, 26400.0),
    (6, 12000.0, 1200.0, 13200.0),
    (7, 6000.0, 600.0, 6600.0),
    (8, 22500.0, 2250.0, 24750.0),
    (9, 24000.0, 2400.0, 26400.0),
    (10, 36000.0, 3600.0, 39600.0),
    (11, 17000.0, 1700.0, 18700.0),
    (12, 19000.0, 1900.0, 20900.0),
    (13, 20000.0, 2000.0, 22000.0),
    (14, 32000.0, 3200.0, 35200.0),
    (15, 23000.0, 2300.0, 25300.0),
    (16, 16500.0, 1650.0, 18150.0),
    (17, 53000.0, 5300.0, 58300.0),
    (18, 17000.0, 1700.0, 18700.0),
    (19, 15000.0, 1500.0, 16500.0),
    (20, 14500.0, 1450.0, 15950.0),
    (21, 20000.0, 2000.0, 22000.0),
    (22, 20500.0, 2050.0, 22550.0),
    (23, 20000.0, 2000.0, 22000.0),
    (24, 18000.0, 1800.0, 19800.0),
    (25, 28000.0, 2800.0, 30800.0),
    (26, 28000.0, 2800.0, 30800.0),
    (27, 13000.0, 1300.0, 14300.0),
    (28, 22500.0, 2250.0, 24750.0),
    (29, 17000.0, 1700.0, 18700.0),
    (30, 18500.0, 1850.0, 20350.0),
    (31, 19500.0, 1950.0, 21450.0),
    (32, 19500.0, 1950.0, 21450.0),
    (33, 18000.0, 1800.0, 19800.0),
    (34, 24000.0, 2400.0, 26400.0),
    (35, 25000.0, 2500.0, 27500.0),
    (36, 16000.0, 1600.0, 17600.0),
    (37, 21500.0, 2150.0, 23650.0),
    (38, 18000.0, 1800.0, 19800.0),
    (39, 26000.0, 2600.0, 28600.0),
    (40, 13000.0, 1300.0, 14300.0),
    (41, 19000.0, 1900.0, 20900.0),
    (42, 11000.0, 1100.0, 12100.0),
    (43, 17000.0, 1700.0, 18700.0),
    (44, 11500.0, 1150.0, 12650.0),
    (45, 23500.0, 2350.0, 25850.0),
    (46, 28000.0, 2800.0, 30800.0),
    (47, 24000.0, 2400.0, 26400.0),
    (48, 32000.0, 3200.0, 35200.0),
    (49, 28000.0, 2800.0, 30800.0),
(50, 27000.0, 2700.0, 29700.0);

INSERT INTO ewha.delivery_drivers (first_name, last_name, phone, city, employment_date) VALUES
    ('Tom', 'Lee', '+82 10-6925-4150', 'Seoul', '2021-08-23'),
    ('Anna', 'Choi', '+82 10-2139-1750', 'Busan', '2023-12-13'),
    ('Brian', 'Park', '+82 10-4733-5741', 'Incheon', '2023-09-16'),
    ('Clara', 'Kim', '+82 10-4814-2654', 'Daegu', '2020-06-12'),
    ('David', 'Jung', '+82 10-5554-8428', 'Seoul', '2022-02-17'),
    ('Eva', 'Yoon', '+82 10-6977-3664', 'Gwangju', '2023-07-25'),
    ('Frank', 'Shin', '+82 10-6820-4432', 'Suwon', '2022-01-28'),
    ('Grace', 'Oh', '+82 10-5374-2169', 'Jeju', '2023-10-04'),
    ('Henry', 'Moon', '+82 10-3803-9751', 'Ulsan', '2023-06-01'),
    ('Iris', 'Bae', '+82 10-3677-8573', 'Daejeon', '2021-05-16'),
    ('Jae', 'Seo', '+82 10-3344-5566', 'Seoul', '2022-04-10'),
    ('Min', 'Kwon', '+82 10-4455-6677', 'Busan', '2023-01-22'),
    ('Su', 'Jang', '+82 10-5566-7788', 'Incheon', '2021-11-08'),
    ('Hye', 'Ryu', '+82 10-6677-8899', 'Daegu', '2022-07-14'),
    ('Jin', 'Yoo', '+82 10-7788-9900', 'Seoul', '2023-03-30'),
    ('Rae', 'Cho', '+82 10-8899-0011', 'Gwangju', '2020-09-05'),
    ('Yu', 'Nam', '+82 10-9900-1122', 'Suwon', '2022-12-17'),
    ('Ha', 'Kang', '+82 10-1010-2020', 'Jeju', '2023-08-25'),
    ('Il', 'Hong', '+82 10-2020-3030', 'Ulsan', '2021-06-03'),
    ('Woo', 'Han', '+82 10-3030-4040', 'Daejeon', '2022-10-19'),
    ('Seo', 'Baek', '+82 10-1111-2222', 'Jeonju', '2022-08-01'),
    ('Na', 'Noh', '+82 10-2222-3333', 'Changwon', '2023-05-15'),
    ('Gil', 'Ahn', '+82 10-3333-4444', 'Pohang', '2021-09-20'),
    ('Rae', 'Son', '+82 10-4444-5555', 'Gyeongju', '2022-03-07'),
    ('Tae', 'Im', '+82 10-5555-6666', 'Andong', '2020-11-25'),
    ('Yeo', 'Pyo', '+82 10-6666-7777', 'Sokcho', '2023-02-14'),
    ('Ji', 'Kwak', '+82 10-7777-8888', 'Chuncheon', '2021-07-30'),
    ('Bo', 'Gil', '+82 10-8888-9999', 'Suncheon', '2022-09-12'),
    ('Hyun', 'Woo', '+82 10-9111-2222', 'Seoul', '2023-11-01'),
    ('Sang', 'Lim', '+82 10-9222-3333', 'Busan', '2020-04-18');